language,topic_id,subtopic_id,title,source_url,word_count,text_preview,qa_relevant,qa_notes
en,B01,B01_S01,Legitime,https://en.wikipedia.org/wiki/Legitime,168,"In civil law and Roman law, the legitime (legitima portio), also known as a forced share or legal right share, of a decedent's estate is that portion of the estate from which they cannot disinherit their children, or their parents, without sufficient legal cause. The word comes from French héritier légitime, meaning ""rightful heir."" Scholars have noted that the concept was probably borrowed by the Romans from Greek law. The legitime is usually a statutory fraction of the decedent's gross estate ",,
en,B01,B01_S02,Labour hire (Australia),https://en.wikipedia.org/wiki/Labour_hire_(Australia),161,"In Australia, labour hire is referred to by the legal term of art labour hire arrangement, and it refers to the employment practice of an employer supplying its employees to another workplace, for profit. Labour hire arrangements often overlap with, but are distinct from the practice of temporary staffing. Labour hire arrangements are situations in which an employee has a legal employer, but no direct employment contract with the place of work. Companies that provide labour hire are often referr",,
en,B01,B01_S03,Income tax in Canada,https://en.wikipedia.org/wiki/Income_tax_in_Canada,269,"Income taxes constitute the majority of the annual revenues of the Government of Canada, and of the governments of the Provinces of Canada. In the fiscal year ending March 31, 2018, the federal government collected just over three times more revenue from personal income taxes than it did from corporate income taxes. Tax collection agreements enable different governments to levy taxes through a single administration and collection agency. The federal government collects personal income taxes on b",,
en,B01,B01_S04,Emergency Federal Register,https://en.wikipedia.org/wiki/Emergency_Federal_Register,321,"The Emergency Federal Register (EFR) is the planned replacement for the Federal Register, the official journal of the United States government, in the event publication of the Federal Register is suspended by presidential decree following the onset of a severe national calamity, such as a major nuclear attack or a mainland invasion of the United States. According to the Office of the Federal Register, the Emergency Federal Register ""can only be activated under extreme national security condition",,
en,B01,B01_S05,Lists of landmark court decisions,https://en.wikipedia.org/wiki/Lists_of_landmark_court_decisions,267,"Landmark court decisions, in present-day common law legal systems, establish precedents that determine a significant new legal principle or concept, or otherwise substantially affect the interpretation of existing law. ""Leading case"" is commonly used in the United Kingdom and other Commonwealth jurisdictions instead of ""landmark case"", as used in the United States. In Commonwealth countries, a reported decision is said to be a leading decision when it has come to be generally regarded as settlin",,
en,B02,B02_S01,Committee for a Responsible Federal Budget,https://en.wikipedia.org/wiki/Committee_for_a_Responsible_Federal_Budget,116,"The Committee for a Responsible Federal Budget (CRFB) is a nonprofit 501(c)(3) charitable organization and think tank headquartered in Washington, D.C., which advocates for public policy to reduce the federal budget deficit and lower government spending. The CRFB describes itself as ""nonpartisan"", as do many media outlets. The New York Times, more descriptively, said that the CFRB is a ""centrist business-supported group dedicated to lower deficits"". It was founded in 1981 by former United States",,
en,B02,B02_S02,Foreign policy,https://en.wikipedia.org/wiki/Foreign_policy,195,"Foreign policy, also known as external policy, is the set of strategies and actions a state employs in its interactions with other states, unions, and international entities. It encompasses a wide range of objectives, including defense and security, economic benefits, and humanitarian assistance. The formulation of foreign policy is influenced by various factors such as domestic considerations, the behavior of other states, and geopolitical strategies. Historically, the practice of foreign polic",,
en,B02,B02_S03,Political faction,https://en.wikipedia.org/wiki/Political_faction,117,"A political faction is a group of people with a common political purpose. More specifically, political faction denotes a subgroup of a political party, where the former may be distinguished by having one or more opinions or interests that differ from the latter's. Intra-party conflict between factions can lead to schism of the party into two or more political parties. The ley de lemas electoral system allows voters to indicate on the ballot their support for a specific faction of their preferenc",,
en,B02,B02_S04,Borough (New Jersey),https://en.wikipedia.org/wiki/Borough_(New_Jersey),166,"A borough (also spelled boro), in the context of local government in the U.S. state of New Jersey, is one of five types and one of eleven forms of municipal government (in addition to those established under a special charter). Among New Jersey's 564 municipalities, the borough is the most common form of local government, though the majority of state residents actually reside in townships. In 2023 there were 253 boroughs in New Jersey. However, boroughs were not always so common. In 1875 only 17",,
en,B03,B03_S01,Correspondence principle,https://en.wikipedia.org/wiki/Correspondence_principle,112,"In physics, a correspondence principle is any one of several premises or assertions about the relationship between classical and quantum mechanics. The physicist Niels Bohr coined the term in 1920 during the early development of quantum theory; he used it to explain how quantized classical orbitals connect to quantum radiation. Modern sources often use the term for the idea that the behavior of systems described by quantum theory reproduces classical physics in the limit of large quantum numbers",,
en,B03,B03_S02,Centriole,https://en.wikipedia.org/wiki/Centriole,149,"In cell biology a centriole is a cylindrical organelle composed mainly of a protein called tubulin. Centrioles are found in most eukaryotic cells, but are not present in conifers (Pinophyta), flowering plants (angiosperms) and most fungi, and are only present in the male gametes of charophytes, bryophytes, seedless vascular plants, cycads, and Ginkgo. A bound pair of centrioles, surrounded by a highly ordered mass of dense material, called the pericentriolar material (PCM), makes up a structure ",,
en,B03,B03_S03,Space exploration,https://en.wikipedia.org/wiki/Space_exploration,265,"Space exploration is the physical investigation of outer space by uncrewed robotic space probes and through human spaceflight. While the observation of objects in space, known as astronomy, predates reliable recorded history, it was the development of large and relatively efficient rockets during the mid-twentieth century that allowed physical space exploration to become a reality. Common rationales for exploring space include advancing scientific research, national prestige, uniting different n",,
en,B03,B03_S04,TensorFlow,https://en.wikipedia.org/wiki/TensorFlow,124,"TensorFlow is a software library for machine learning and artificial intelligence. It can be used across a range of tasks, but is used mainly for training and inference of neural networks. It is one of the most popular deep learning frameworks, alongside others such as PyTorch. It is free and open-source software released under the Apache License 2.0. It was developed by the Google Brain team for Google's internal use in research and production. The initial version was released under the Apache ",,
en,B03,B03_S05,Climate change in American Samoa,https://en.wikipedia.org/wiki/Climate_change_in_American_Samoa,109,"Climate change in American Samoa encompasses the effects of climate change, attributed to man-made increases in atmospheric carbon dioxide, in the U.S. territory of American Samoa. The American Samoa Environmental Protection Agency (ASEPA) notes that the territory ""has a fragile ecosystem"" which is ""directly and immediately impacted by global climate change"". The Human Rights Measurement Initiative finds that the climate crisis has worsened human rights conditions in American Samoa slightly (2.3",,
en,B04,B04_S01,Travel health nursing,https://en.wikipedia.org/wiki/Travel_health_nursing,132,"Travel health nursing is a nursing specialty which promotes the health and safety of national and international travelers. Similar to travel medicine, it is an interdisciplinary practice which draws from the knowledge bases of vaccines, epidemiology, tropical medicine, public health, and health education. Travel nursing has experienced an increase in global demand due to the evolution of travel medicine. Travel health nursing was recognized during the 1980s as an emerging occupation to meet the ",,
en,B04,B04_S02,Ménière's disease,https://en.wikipedia.org/wiki/M%C3%A9ni%C3%A8re%27s_disease,268,"Ménière's disease (MD) is a disease of the inner ear characterized by potentially severe and incapacitating episodes of vertigo, tinnitus, hearing loss, and a feeling of fullness in the ear. Typically, only one ear is affected initially, but over time, both ears may become involved. Episodes generally last from 20 minutes to a few hours, with varying time between episodes. The hearing loss and ringing in the ears can become constant over time. Ménière's disease was identified in the mid-1800s by",,
en,B04,B04_S03,Pharmacokinetics,https://en.wikipedia.org/wiki/Pharmacokinetics,148,"Pharmacokinetics (from Ancient Greek pharmakon 'drug' and kinetikos 'moving, putting in motion'; see chemical kinetics), sometimes abbreviated as PK, is a branch of pharmacology dedicated to describing how the body affects a specific substance after administration. The substances of interest include any chemical xenobiotics such as pharmaceutical drugs, pesticides, food additives, cosmetics, etc. PK attempts to analyze chemical metabolism and discover the fate of a chemical from the moment that ",,
en,B04,B04_S04,Health in Algeria,https://en.wikipedia.org/wiki/Health_in_Algeria,235,"Algeria is the largest country in Africa and is estimated to have a population of around 46,278,751 people. Algeria has a public health care system, which is accessible and free of charge to all citizens of Algeria. The public health care system is financed by the government of Algeria. Given Algeria's young population, policy favors preventive health care and clinics over hospitals. In keeping with this policy, the government maintains an intensive immunization programme and a policy which allo",,
en,B05,B05_S01,Literary genre,https://en.wikipedia.org/wiki/Literary_genre,120,"A literary genre is a category of literature. Genres may be determined by literary technique, tone, content, or length (especially for fiction). They generally move from more abstract, encompassing classes, which are then further sub-divided into more concrete distinctions. The distinctions between genres and categories are flexible and loosely defined, and even the rules designating genres change over time and are fairly unstable. Genres can all be in the form of prose or poetry. Additionally, ",,
en,B05,B05_S02,Theory of Literature,https://en.wikipedia.org/wiki/Theory_of_Literature,245,"Theory of Literature is a book on literary scholarship by René Wellek, of the structuralist Prague school, and Austin Warren, a self-described ""old New Critic"". The two met at the University of Iowa in the late 1930s, and by 1940 had begun writing the book; they wrote collaboratively, in a single voice over a period of three years. Its contents were based on their shared understandings of literature. Originally consisting of twenty chapters – one was cut in later editions – Theory of Literature ",,
en,B05,B05_S03,Leo Tolstoy,https://en.wikipedia.org/wiki/Leo_Tolstoy,265,"Count Lev Nikolayevich Tolstoy (; Russian: Лев Николаевич Толстой, IPA: [ˈlʲef nʲɪkɐˈla(j)ɪvʲɪtɕ tɐlˈstoj] ; 9 September [O.S. 28 August] 1828 – 20 November [O.S. 7 November] 1910), usually referred to in English as Leo Tolstoy, was a Russian writer. He is regarded as one of the greatest and most influential authors of all time. Born to an aristocratic family, Tolstoy achieved acclaim in his twenties with his semi-autobiographical trilogy, Childhood, Boyhood and Youth (1852–1856), and with Sevas",,
en,B05,B05_S04,The Final Sanction (novel),https://en.wikipedia.org/wiki/The_Final_Sanction_(novel),50,"The Final Sanction is a BBC Books original novel written by Steve Lyons and based on the long-running British science fiction television series Doctor Who. It features the Second Doctor, Zoe and Jamie. It was the last book in the series to use the ""silver"" version of the film logo.",,
en,B06,B06_S01,671 BC,https://en.wikipedia.org/wiki/671_BC,55,"The year 671 BC was a year of the pre-Julian Roman calendar. In the Roman Empire, it was known as year 83 Ab urbe condita. The denomination 671 BC for this year has been used since the early medieval period, when the Anno Domini calendar era became the prevalent method in Europe for naming years.",,
en,B06,B06_S02,Medieval technology,https://en.wikipedia.org/wiki/Medieval_technology,264,"Medieval technology is the technology used in medieval Europe under Christian rule. After the Renaissance of the 12th century, medieval Europe saw a radical change in the rate of new inventions, innovations in the ways of managing traditional means of production, and economic growth. The period saw major technological advances, including the adoption of gunpowder, the invention of vertical windmills, spectacles, mechanical clocks, and greatly improved water mills, building techniques (Gothic arc",,
en,B06,B06_S03,Francisco Veiga,https://en.wikipedia.org/wiki/Francisco_Veiga,78,"Francisco José Veiga Rodríguez (born 1958 in Madrid) is a Spanish historian, journalist and writer. He is a doctor and professor in the Department of Contemporary History at the Autonomous University of Barcelona (UAB), where he has been a professor since 1983, with a focus on Eastern Europe, the countries of the former Soviet Union, the countries of the Balkan Peninsula and Turkey. He is an author of newspaper articles for El Periódico de Catalunya and El País.",,
en,B06,B06_S04,Machine Age,https://en.wikipedia.org/wiki/Machine_Age,153,"The Machine Age is an era that includes the early-to-mid 20th century, sometimes also including the late 19th century. An approximate dating would be about 1880 to 1945. Considered to be at its peak in the time between the first and second world wars, the Machine Age overlaps with the late part of the Second Industrial Revolution (which ended around 1914 at the start of World War I) and continues beyond it until 1 945 at the end of World War II. The 1940s saw the beginning of the Atomic Age, whe",,
en,B07,B07_S01,Education in Hong Kong,https://en.wikipedia.org/wiki/Education_in_Hong_Kong,83,"Education in Hong Kong used to be largely modelled on that of the United Kingdom, particularly the English system. Since 2012, the overhaul of secondary school diploma has introduced changes to the number of school years as well as the two-tier general examinations. The DSE has replaced the old HKCEE (similar to the UK's GCSE) and the A-levels. Education policy in Hong Kong is overseen by the Education Bureau and the Social Welfare Department. The academic year begins mid-year, usually starting ",,
en,B07,B07_S02,Shanghai Polytechnic University,https://en.wikipedia.org/wiki/Shanghai_Polytechnic_University,232,"Shanghai Polytechnic University (上海第二工业大学), also known as the Shanghai Second Polytechnic University, is a public university in Shanghai. It was founded in 1960. Founded in 1960, SSPU is an institution of higher education featured by engineering as its main discipline, with synchronized development of multi-disciplines, including Economics, Management Science, Literature and Natural Sciences. The university provides education of undergraduates, higher vocational students, master, international s",,
en,B07,B07_S03,Problem-based learning,https://en.wikipedia.org/wiki/Problem-based_learning,271,"Problem-based learning (PBL) is a teaching method in which students aim to learn about a subject through the experience of solving an open-ended problem found in trigger material. The PBL process does not focus on problem solving with a defined solution, but is designed for the development of other skills and attributes. This includes knowledge acquisition, enhanced group collaboration and communication. The PBL process was developed for medical education and has since been used for other progra",,
en,B07,B07_S04,West African Senior School Certificate Examination,https://en.wikipedia.org/wiki/West_African_Senior_School_Certificate_Examination,105,The West African Senior School Certificate Examination (WASSCE) is a type of standardized test in West Africa. Students who pass the exam receive a certificate confirming their graduation from secondary education. It is administered by the West African Examinations Council (WAEC). It is only offered to candidates residing in Anglophone West African countries. The academic school-leaving qualification awarded upon successful completion of the exams is the West African Senior School Certificate. T,,
en,B08,B08_S01,Macroeconomics,https://en.wikipedia.org/wiki/Macroeconomics,279,"Macroeconomics is a branch of economics that deals with the performance, structure, behavior, and decision-making of an economy as a whole. This includes regional, national, and global economies. Macroeconomists study aggregate measures of the economy, such as output or gross domestic product (GDP), national income, unemployment, inflation, consumption, saving, investment, or trade. Macroeconomics is primarily focused on questions that help to understand aggregate variables in relation to long-r",,
en,B08,B08_S02,Bourse de Tunis,https://en.wikipedia.org/wiki/Bourse_de_Tunis,261,"The Bourse des Valeurs Mobilières de Tunis (BVMT) or Bourse de Tunis (Arabic: بورصة تونس) is a stock exchange based in Tunis, Tunisia. It was founded in 1969, and currently lists around 50 stocks. The exchange is under the control of the state-run Financial Market Council. The government has provided tax breaks to increase the number of listings, but companies have been slow in going public. The creation of the award was in February 1969. Although this creation is relatively old, the role of the",,
en,B08,B08_S03,Structure–conduct–performance paradigm,https://en.wikipedia.org/wiki/Structure%E2%80%93conduct%E2%80%93performance_paradigm,169,"The structure–conduct–performance (SCP) paradigm, first published by economists Edward Chamberlin and Joan Robinson in 1933 and subsequently developed by Joe S. Bain, is a model in industrial organization economics that offers a causal theoretical explanation for firm performance through economic conduct on incomplete markets. This model has had direct influence on subsequent industrial economics models such as Porter's five forces analysis. According to the structure–conduct–performance paradig",,
en,B08,B08_S04,Angel investor,https://en.wikipedia.org/wiki/Angel_investor,157,"An angel investor (also known as a business angel, informal investor, angel funder, private investor, or seed investor) is an individual who provides capital to a business or businesses, including startups, usually in exchange for convertible debt or ownership equity. Angel investors often provide support to startups at a very early stage (when the risk of their failure is relatively high), once or in a consecutive manner, and when most investors are not prepared to back them. According to a sur",,
ru,B01,B01_S01,Научно-исследовательские и опытно-конструкторские работы,https://ru.wikipedia.org/wiki/%D0%9D%D0%B0%D1%83%D1%87%D0%BD%D0%BE-%D0%B8%D1%81%D1%81%D0%BB%D0%B5%D0%B4%D0%BE%D0%B2%D0%B0%D1%82%D0%B5%D0%BB%D1%8C%D1%81%D0%BA%D0%B8%D0%B5_%D0%B8_%D0%BE%D0%BF%D1%8B%D1%82%D0%BD%D0%BE-%D0%BA%D0%BE%D0%BD%D1%81%D1%82%D1%80%D1%83%D0%BA%D1%82%D0%BE%D1%80%D1%81%D0%BA%D0%B8%D0%B5_%D1%80%D0%B0%D0%B1%D0%BE%D1%82%D1%8B,142,"Нау́чно-иссле́довательские и о́пытно-констру́кторские рабо́ты (НИОКР) или R&D (Research & Development) — особенный вид работ в рамках гражданско-правовых обязательств, для выполнения которых необходимо получение новых знаний и практическое их применение при создании нового изделия или технологии. В системах гражданского права, выделяющих отдельно опытно-конструкторские работы от научно-исследовательских, используется термин инжиниринг. «Научно-исследовательские работы» и «опытно-конструкторские ",,
ru,B01,B01_S02,Сверхурочная работа,https://ru.wikipedia.org/wiki/%D0%A1%D0%B2%D0%B5%D1%80%D1%85%D1%83%D1%80%D0%BE%D1%87%D0%BD%D0%B0%D1%8F_%D1%80%D0%B0%D0%B1%D0%BE%D1%82%D0%B0,45,"Сверхуро́чная рабо́та в трудовом праве — работа сверх установленной (нормальной) продолжительности рабочего времени, выполняемая по инициативе работодателя (в отличие от совместительства, когда работа производится по инициативе работника). Согласно исследованию Университетского колледжа Лондона, больше 15 часов сверхурочных в неделю на треть повышает риск инфаркта и инсульта.",,
ru,B01,B01_S03,Система налогообложения при выполнении соглашений о разделе продукции в Российской Федерации,https://ru.wikipedia.org/wiki/%D0%A1%D0%B8%D1%81%D1%82%D0%B5%D0%BC%D0%B0_%D0%BD%D0%B0%D0%BB%D0%BE%D0%B3%D0%BE%D0%BE%D0%B1%D0%BB%D0%BE%D0%B6%D0%B5%D0%BD%D0%B8%D1%8F_%D0%BF%D1%80%D0%B8_%D0%B2%D1%8B%D0%BF%D0%BE%D0%BB%D0%BD%D0%B5%D0%BD%D0%B8%D0%B8_%D1%81%D0%BE%D0%B3%D0%BB%D0%B0%D1%88%D0%B5%D0%BD%D0%B8%D0%B9_%D0%BE_%D1%80%D0%B0%D0%B7%D0%B4%D0%B5%D0%BB%D0%B5_%D0%BF%D1%80%D0%BE%D0%B4%D1%83%D0%BA%D1%86%D0%B8%D0%B8_%D0%B2_%D0%A0%D0%BE%D1%81%D1%81%D0%B8%D0%B9%D1%81%D0%BA%D0%BE%D0%B9_%D0%A4%D0%B5%D0%B4%D0%B5%D1%80%D0%B0%D1%86%D0%B8%D0%B8,177,"Система налогообложения при выполнении соглашений о разделе продукции — специальная система налогообложения, специальный налоговый режим, применяемый при выполнении соглашений, которые заключены в соответствии с Федеральным законом от 30.12.1995 г. № 225-ФЗ «О соглашениях о разделе продукции». Действие подобного режима выгодно как инвестору, так и государству: первый имеет благоприятные условия для вклада средств в поиск, разведку, а также добычу полезных ископаемых; государство приобретает гара",,
ru,B01,B01_S04,Аборты в Китае,https://ru.wikipedia.org/wiki/%D0%90%D0%B1%D0%BE%D1%80%D1%82%D1%8B_%D0%B2_%D0%9A%D0%B8%D1%82%D0%B0%D0%B5,48,"Аборты в Китае являются законными, это государственная услуга, предоставляемая женщинам по их решению, за исключением селективных абортов. В дополнение к доступности средств контрацепции, аборт является распространённым способом сдерживания роста населения в Китае в соответствии с политикой одного ребёнка. Такая политика продолжалась в Китае с 1979 по 2015 годы.",,
ru,B01,B01_S05,Судебный прецедент,https://ru.wikipedia.org/wiki/%D0%A1%D1%83%D0%B4%D0%B5%D0%B1%D0%BD%D1%8B%D0%B9_%D0%BF%D1%80%D0%B5%D1%86%D0%B5%D0%B4%D0%B5%D0%BD%D1%82,80,"Суде́бный прецеде́нт (от лат. praecedens, род.п. praecedentis «предшествующий») — решение определённого суда по конкретному делу, имеющее силу источника права (то есть устанавливающее, изменяющее или отменяющее правовые нормы). Прецедентом являются решения, вынесенные по аналогичному делу, разрешённому в рамках аналогичного производства. Прецедент — случай или событие, которое имело место в прошлом и является примером или основанием для аналогичных действий в настоящем. Судебный прецедент — реше",,
ru,B02,B02_S01,Национальный проект «Международная кооперация и экспорт»,https://ru.wikipedia.org/wiki/%D0%9D%D0%B0%D1%86%D0%B8%D0%BE%D0%BD%D0%B0%D0%BB%D1%8C%D0%BD%D1%8B%D0%B9_%D0%BF%D1%80%D0%BE%D0%B5%D0%BA%D1%82_%C2%AB%D0%9C%D0%B5%D0%B6%D0%B4%D1%83%D0%BD%D0%B0%D1%80%D0%BE%D0%B4%D0%BD%D0%B0%D1%8F_%D0%BA%D0%BE%D0%BE%D0%BF%D0%B5%D1%80%D0%B0%D1%86%D0%B8%D1%8F_%D0%B8_%D1%8D%D0%BA%D1%81%D0%BF%D0%BE%D1%80%D1%82%C2%BB,42,Национальный проект «Международная кооперация и экспорт» — один из национальных проектов в России на период с 2019 по 2024 годы. Руководитель проекта – министр промышленности и торговли РФ Денис Мантуров. Куратором проекта в феврале 2020 года был назначен первый вице-премьер Андрей Белоусов.,,
ru,B02,B02_S02,Дипломатия,https://ru.wikipedia.org/wiki/%D0%94%D0%B8%D0%BF%D0%BB%D0%BE%D0%BC%D0%B0%D1%82%D0%B8%D1%8F,52,"Диплома́тия — деятельность глав государств, правительств и специальных органов внешних сношений по осуществлению целей и задач внешней политики государств, а также по защите интересов государства за границей. Дипломатия является средством осуществления внешней политики государств, и представляет собой совокупность практических мероприятий, приёмов и методов, применяемых с учётом конкретных условий и характера решаемых задач.",,
ru,B02,B02_S03,Выборы в Новгородскую областную думу (2016),https://ru.wikipedia.org/wiki/%D0%92%D1%8B%D0%B1%D0%BE%D1%80%D1%8B_%D0%B2_%D0%9D%D0%BE%D0%B2%D0%B3%D0%BE%D1%80%D0%BE%D0%B4%D1%81%D0%BA%D1%83%D1%8E_%D0%BE%D0%B1%D0%BB%D0%B0%D1%81%D1%82%D0%BD%D1%83%D1%8E_%D0%B4%D1%83%D0%BC%D1%83_(2016),42,"Выборы депутатов Новгородской областной думы шестого созыва состоялись в Новгородской области 18 сентября 2016 года в единый день голосования, одновременно с выборами в Государственную думу РФ. На 1 июля 2016 года в области было зарегистрировано 510 270 избирателей. Явка составила 39,63 %.",,
ru,B02,B02_S04,Городское поселение,https://ru.wikipedia.org/wiki/%D0%93%D0%BE%D1%80%D0%BE%D0%B4%D1%81%D0%BA%D0%BE%D0%B5_%D0%BF%D0%BE%D1%81%D0%B5%D0%BB%D0%B5%D0%BD%D0%B8%D0%B5,62,"Городско́е поселе́ние — один из типов муниципального образования в России; город или посёлок городского типа (реже сельского), в которых местное самоуправление осуществляется населением непосредственно и/или через выборные и иные органы местного самоуправления. Городские поселения, не являющиеся городскими округами, входят в состав муниципальных районов. В разделе, посвящённом количеству городских поселений по субъектам Российской Федерации, говорится исключительно о городских поселениях в соста",,
ru,B03,B03_S01,Уравнение Гейзенберга,https://ru.wikipedia.org/wiki/%D0%A3%D1%80%D0%B0%D0%B2%D0%BD%D0%B5%D0%BD%D0%B8%D0%B5_%D0%93%D0%B5%D0%B9%D0%B7%D0%B5%D0%BD%D0%B1%D0%B5%D1%80%D0%B3%D0%B0,131,"Уравнение Гейзенберга — уравнение, описывающее эволюцию квантовой наблюдаемой гамильтоновой системы, полученное Вернером Гейзенбергом в 1925 году. Это уравнение имеет вид: d d t A = i ℏ [ H , A ] + ∂ A ∂ t , {\displaystyle {d \over dt}A={i \over \hbar }[H,A]+{\frac {\partial A}{\partial t}},} где A {\displaystyle \ A} — квантовая наблюдаемая, которая может явным образом зависеть от времени, H {\displaystyle \ H} — оператор Гамильтона, а скобки обозначают коммутатор. В случае открытых, диссипатив",,
ru,B03,B03_S02,Кавеолы,https://ru.wikipedia.org/wiki/%D0%9A%D0%B0%D0%B2%D0%B5%D0%BE%D0%BB%D1%8B,75,"Кавео́лы (от лат. caveola — «малая пещера») — небольшие (размером 50—100 нм) колбообразные впячивания плазматической мембраны в клетках позвоночных многих типов, в особенности эндотелиальных клетках (где они и были впервые обнаружены), адипоцитах и альвеолоцитах I типа (кавеолы могут составлять 30—70 % мембран этих клеток). В состав кавеол входит ключевой белок — кавеолин, а также такие липиды, как холестерин и сфинголипиды. Кавеолы участвуют в передаче клеточных сигналов, эндоцитозе, онкогенезе",,
ru,B03,B03_S03,Google Sky,https://ru.wikipedia.org/wiki/Google_Sky,59,"Google Sky (Google небо) — приложение Google Maps, позволяющее просматривать космическое пространство, окружающее Землю. Создано при помощи телескопа Хаббл. Выпущено 27 августа 2007 года. С августа 2024 года сервис ""Google Небо"" больше не доступен. При этом приложение Sky Map остается доступным для использования, однако оно более не является официальным проектом Google и передано компанией бывшим разработчикам-энтузиастам как «исторический артефакт».",,
ru,B03,B03_S04,Экспертная система,https://ru.wikipedia.org/wiki/%D0%AD%D0%BA%D1%81%D0%BF%D0%B5%D1%80%D1%82%D0%BD%D0%B0%D1%8F_%D1%81%D0%B8%D1%81%D1%82%D0%B5%D0%BC%D0%B0,279,"Экспе́ртная систе́ма (ЭС, англ. expert system) — компьютерная система, способная частично заменить специалиста-эксперта в разрешении проблемной ситуации. Современные экспертные системы начали разрабатываться исследователями искусственного интеллекта в 1970-х годах, а в 1980-х годах получили коммерческое подкрепление. Предшественники экспертных систем были предложены в 1832 году С. Н. Корсаковым, создавшим механические устройства, так называемые «интеллектуальные машины», позволявшие находить реш",,
ru,B03,B03_S05,Глобальное потепление,https://ru.wikipedia.org/wiki/%D0%93%D0%BB%D0%BE%D0%B1%D0%B0%D0%BB%D1%8C%D0%BD%D0%BE%D0%B5_%D0%BF%D0%BE%D1%82%D0%B5%D0%BF%D0%BB%D0%B5%D0%BD%D0%B8%D0%B5,135,"Глоба́льное потепле́ние — длительное повышение средней температуры климатической системы Земли, происходящее уже более века, основной причиной чего, по мнению подавляющего большинства учёных, является человеческая деятельность (антропогенный фактор). Начиная с 1850 года, в десятилетнем масштабе температура воздуха в каждое десятилетие была выше, чем в любое предшествующее десятилетие. С 1750—1800 годов человек ответственен за повышение средней глобальной температуры на 0,8—1,2 °C. Вероятная вели",,
ru,B04,B04_S01,Вакцинация,https://ru.wikipedia.org/wiki/%D0%92%D0%B0%D0%BA%D1%86%D0%B8%D0%BD%D0%B0%D1%86%D0%B8%D1%8F,278,"Вакцина́ция — комплекс мероприятий, направленных на введение в организм антиген-специфичных компонентов (в составе вакцин и анатоксинов) с целью формирования активного защитного иммунитета против определённого инфекционного агента или вырабатываемых ими экзотоксинов, реже для лечения некоторых заболеваний. Успешная вакцинация приводит к иммунизации. Понятия «вакцинация» и «иммунизация» на практике часто используются взаимозаменяемо, однако вакцинация подразумевает лишь процесс введения вакцины, ",,
ru,B04,B04_S02,Внутренние болезни,https://ru.wikipedia.org/wiki/%D0%92%D0%BD%D1%83%D1%82%D1%80%D0%B5%D0%BD%D0%BD%D0%B8%D0%B5_%D0%B1%D0%BE%D0%BB%D0%B5%D0%B7%D0%BD%D0%B8,72,"Вну́тренние боле́зни (терапия, внутренняя медицина) — область медицины, занимающаяся проблемами этиологии, патогенеза и клинических проявлений заболеваний внутренних органов, их диагностики, нехирургического лечения, профилактики и реабилитации. Термин «внутренние болезни» используется также в качестве обобщённого названия заболеваний внутренних органов. К сфере терапии относятся заболевания дыхательной системы (пульмонология), сердечно-сосудистой системы (кардиология), желудочно-кишечного тракт",,
ru,B04,B04_S03,Элвитегравир,https://ru.wikipedia.org/wiki/%D0%AD%D0%BB%D0%B2%D0%B8%D1%82%D0%B5%D0%B3%D1%80%D0%B0%D0%B2%D0%B8%D1%80,136,"Элвитегравир (EVG) — ингибитор интегразы, используемый для лечения ВИЧ-инфекции. Был разработан фармацевтической компанией Gilead Sciences, которая в марте 2008 года лицензировала EVG у Japan Tobacco. 27 августа 2012 года препарат был одобрен Управлением по санитарному надзору за качеством пищевых продуктов и медикаментов США (FDA) для использования у взрослых пациентов, впервые начинающих лечение от ВИЧ в составе комбинации с фиксированной дозой, известной как Stribild. 24 сентября 2014 года FD",,
ru,B04,B04_S04,СанПиН,https://ru.wikipedia.org/wiki/%D0%A1%D0%B0%D0%BD%D0%9F%D0%B8%D0%9D,114,"Санитарные (санитарно-эпидемиологические) правила (СП), нормы (СН), правила и нормы (СанПиН), гигиенические нормативы (ГН) — государственные подзаконные нормативные правовые акты с описаниями и требованиями безопасных и безвредных для человека, популяции людей и потомков факторов среды обитания и их оптимальных и безопасных количественных параметров с целью сохранения здоровья и нормальной жизнедеятельности. Направлены на предотвращение распространения и ликвидацию инфекционных, массовых неинфек",,
ru,B05,B05_S01,Литературные жанры,https://ru.wikipedia.org/wiki/%D0%9B%D0%B8%D1%82%D0%B5%D1%80%D0%B0%D1%82%D1%83%D1%80%D0%BD%D1%8B%D0%B5_%D0%B6%D0%B0%D0%BD%D1%80%D1%8B,42,"Литерату́рные жа́нры (фр. genre, от лат. genus — род, вид) — исторически складывающиеся группы литературных произведений, объединённых совокупностью формальных и содержательных свойств (в отличие от литературных форм, выделение которых основано только на формальных признаках). Термин зачастую неправомерно отождествляют с термином «виды литературы».",,
ru,B05,B05_S02,"Немзер, Андрей Семёнович","https://ru.wikipedia.org/wiki/%D0%9D%D0%B5%D0%BC%D0%B7%D0%B5%D1%80,_%D0%90%D0%BD%D0%B4%D1%80%D0%B5%D0%B9_%D0%A1%D0%B5%D0%BC%D1%91%D0%BD%D0%BE%D0%B2%D0%B8%D1%87",42,"Андре́й Семёнович Не́мзер (10 июня 1957, Москва — 9 декабря 2023, Москва) — советский и российский историк литературы и литературный критик, литературовед, педагог. Литературный обозреватель и редактор многих изданий. Профессор Высшей школы экономики. Лауреат премии Правительства Российской Федерации в области культуры (2015).",,
ru,B05,B05_S03,Лимонная вилочка,https://ru.wikipedia.org/wiki/%D0%9B%D0%B8%D0%BC%D0%BE%D0%BD%D0%BD%D0%B0%D1%8F_%D0%B2%D0%B8%D0%BB%D0%BE%D1%87%D0%BA%D0%B0,177,"Лимонная вилочка — специализированная вилка для добавления (перекладывания) кружков, ломтиков или долек лимона в чай. Вилка для лимона используется в чайном сервизе для формального чаепития. Представляет собой, в зависимости от материала изготовления, небольшую вилку с двумя или тремя тонкими зубцами. Концы крайних зубцов часто бывают выгнуты наружу, а на рукоятку вилки нередко наносится декоративный орнамент. Применяется также для оливок, фигурных кусочков масла (англ. butter pats), маринованны",,
ru,B05,B05_S04,Мифы народов мира,https://ru.wikipedia.org/wiki/%D0%9C%D0%B8%D1%84%D1%8B_%D0%BD%D0%B0%D1%80%D0%BE%D0%B4%D0%BE%D0%B2_%D0%BC%D0%B8%D1%80%D0%B0,96,"«Мифы народов мира. Энциклопедия» — специализированное энциклопедическое издание, фундаментальная научная энциклопедия по мифологии в двух томах. Одна из первых в мировой научной практике попыток дать комплексное систематизированное изложение мифотворчества народов мира. Статьи посвящены мифологии различных народов и регионов мира. Впервые издана в 1980—1982 годах в двух томах в Москве издательством «Советская энциклопедия». Второе издание вышло в 1987—1988 годах. Главный редактор — С. А. Токаре",,
ru,B06,B06_S01,Пентеконтор,https://ru.wikipedia.org/wiki/%D0%9F%D0%B5%D0%BD%D1%82%D0%B5%D0%BA%D0%BE%D0%BD%D1%82%D0%BE%D1%80,98,"Пентеконтор или петеконтера (др.-греч. πεντηκόντορος «пятидесятивесельник») — древнегреческая галера, открытая, без палубы (катастромы). Водоизмещение около 10 тонн; 50 гребцов — 24 весла по 2 и 2 весла по 1 гребцу. По некоторым современным расчётам, общая длина составляла от 28 до 33 метров, ширина не менее 4 м, скорость до 9 узлов (18 км/ч). Существовал уже в Троянскую войну. Наряду с триаконтором самый распространённый тип греческого боевого корабля, с архаического периода (XII—VIII века до н",,
ru,B06,B06_S02,Средневековая Эстония,https://ru.wikipedia.org/wiki/%D0%A1%D1%80%D0%B5%D0%B4%D0%BD%D0%B5%D0%B2%D0%B5%D0%BA%D0%BE%D0%B2%D0%B0%D1%8F_%D0%AD%D1%81%D1%82%D0%BE%D0%BD%D0%B8%D1%8F,87,"Средневековье в Эстонии — период в эстонской истории с начала XIII и до второй половины XVI века, то есть с начала распространения христианства и до Ливонской войны. Христианство пришло в Эстонию значительно позднее, чем в другие страны Европы. Вначале на этой территории появились миссионеры, затем началась военная экспансия рыцарей-крестоносцев. Период правления Ливонского ордена сопровождался закрепощением эстонского населения. Эстонские города быстро развивались в рамках Ганзейского союза. В ",,
ru,B06,B06_S03,100-я пехотная дивизия (США),https://ru.wikipedia.org/wiki/100-%D1%8F_%D0%BF%D0%B5%D1%85%D0%BE%D1%82%D0%BD%D0%B0%D1%8F_%D0%B4%D0%B8%D0%B2%D0%B8%D0%B7%D0%B8%D1%8F_(%D0%A1%D0%A8%D0%90),133,"100-я дивизия (ранее 100-я пехотная дивизия, англ. 100th Training Division) — пехотная дивизия Армии Соединённых Штатов со штаб-квартирой в Форт-Ноксе, штат Кентукки. В настоящее время является основным учебным подразделением Резерва Армии Соединённых Штатов. На протяжении своей долгой истории, дивизия играла разные роли. До 1950-х годов она была 100-й пехотной дивизией, затем ненадолго стала 100-й воздушно-десантной дивизией, и, наконец, 100-й дивизией (учебной). После этих трансформаций дивизи",,
ru,B06,B06_S04,Натурфилософия,https://ru.wikipedia.org/wiki/%D0%9D%D0%B0%D1%82%D1%83%D1%80%D1%84%D0%B8%D0%BB%D0%BE%D1%81%D0%BE%D1%84%D0%B8%D1%8F,109,"Натурфилосо́фия, натуральная философия (от лат. natura — «природа» и др.-греч. φιλοσοφία, дословно — «любомудрие; любовь к мудрости») — исторический термин, приблизительно до XVIII века обозначавший естественную историю, то есть философию природы, понимаемую как целостную систему самых общих законов естествознания. Впервые термин «philosophia naturalis» встречается в трудах Сенеки. Натурфилософия возникла в античную эпоху как попытка найти «конечные причины» и фундаментальные закономерности прир",,
ru,B07,B07_S01,Школа среднего звена,https://ru.wikipedia.org/wiki/%D0%A8%D0%BA%D0%BE%D0%BB%D0%B0_%D1%81%D1%80%D0%B5%D0%B4%D0%BD%D0%B5%D0%B3%D0%BE_%D0%B7%D0%B2%D0%B5%D0%BD%D0%B0,82,"Не путать с советско-российским понятием средней школы, объединяющим школу среднего звена и старшую школу. Школа среднего звена — учреждение, предоставляющее образовательные услуги средней ступени, промежуточное звено между начальной школой и старшей школой. В некоторых странах образование, полученное в средней школе, считается начальным. Обычно посещение школы среднего звена обязательно, но не везде, к примеру, в Гаити обязательно только начальное обучение. Школа среднего звена может находиться",,
ru,B07,B07_S02,Высшее образование в России,https://ru.wikipedia.org/wiki/%D0%92%D1%8B%D1%81%D1%88%D0%B5%D0%B5_%D0%BE%D0%B1%D1%80%D0%B0%D0%B7%D0%BE%D0%B2%D0%B0%D0%BD%D0%B8%D0%B5_%D0%B2_%D0%A0%D0%BE%D1%81%D1%81%D0%B8%D0%B8,111,"Вы́сшее образова́ние в Росси́и — система высшего профессионального образования в России. Является следующим уровнем образования после среднего профессионального. Представляет собой[когда?] трёхуровневую систему из бакалавриата и магистратуры, специалитета, а также подготовки кадров высшей квалификации. Гражданин России имеет право на конкурсное получение одного высшего образования (бакалавриат, магистратура и тому подобное) в учреждениях, у которых есть бюджетные места. Часть вузов получает фина",,
ru,B07,B07_S03,Кросс-культурная дидактика,https://ru.wikipedia.org/wiki/%D0%9A%D1%80%D0%BE%D1%81%D1%81-%D0%BA%D1%83%D0%BB%D1%8C%D1%82%D1%83%D1%80%D0%BD%D0%B0%D1%8F_%D0%B4%D0%B8%D0%B4%D0%B0%D0%BA%D1%82%D0%B8%D0%BA%D0%B0,114,"Кросс-культу́рная дида́ктика (англ. Multicultural education) — раздел педагогики, в рамках которого изучается построение учебного процесса в поликультурной учебной среде, методы и формы его организации. Родственные понятия: «межкультурное образование» (характерно в первую очередь для Западной Европы, подготовка студентов для взаимодействия с представителями других культур, формирование толерантности), «мультикультурное образование» (используется в США и Канаде, знакомство с другими культурами дл",,
ru,B07,B07_S04,Единое национальное тестирование,https://ru.wikipedia.org/wiki/%D0%95%D0%B4%D0%B8%D0%BD%D0%BE%D0%B5_%D0%BD%D0%B0%D1%86%D0%B8%D0%BE%D0%BD%D0%B0%D0%BB%D1%8C%D0%BD%D0%BE%D0%B5_%D1%82%D0%B5%D1%81%D1%82%D0%B8%D1%80%D0%BE%D0%B2%D0%B0%D0%BD%D0%B8%D0%B5,100,"Единое национальное тестирование (каз. Ұлттық бірыңғай тестілеу; сокр. ЕНТ каз. ҰБТ) — стандартизированная система оценки знаний выпускников школ в Казахстане. Экзамен проводится на русском, казахском и английском языках за исключением предметов Русский язык, Русская литература, Казахский язык, Казахская литература и Иностранного языка, они проводятся на языках самого предмета. В 2023 году ЕНТ сдавали 162 тысячи выпускников, из них больше 75% — на казахском языке, около 25% — на русском и 243 че",,
ru,B08,B08_S01,Наукастинг,https://ru.wikipedia.org/wiki/%D0%9D%D0%B0%D1%83%D0%BA%D0%B0%D1%81%D1%82%D0%B8%D0%BD%D0%B3,92,"Наукастинг (англ. nowcasting) — предсказание настоящего, ближайшего будущего и недавнего прошлого состояния выбранного экономического индикатора. Термин является сокращением от английских слов «now» («сейчас») и «casting» («прогнозирование»). Понятие ввела Лукреция Райхлин, использовав метеорологический термин применительно к экономике, где оно стало популярным, поскольку типичные показатели, используемые для оценки состояния экономики (например, валовой внутренний продукт), определяются только ",,
ru,B08,B08_S02,Брокер,https://ru.wikipedia.org/wiki/%D0%91%D1%80%D0%BE%D0%BA%D0%B5%D1%80,112,"Бро́кер (от англ. broker — маклер, брокер, посредник) — юридическое лицо, выполняющее посреднические функции между продавцом и покупателем (на фондовой, товарной, валютной биржах), между страховщиком и страхователем (страховой брокер), между судовладельцем и фрахтователем. Брокер получает вознаграждение в виде комиссионных от суммы сделки либо в фиксированной сумме. Деятельность брокера основана на договоре поручения и договоре комиссии. Существует множество категорий брокеров, в частности, бирж",,
ru,B08,B08_S03,Ветеринария,https://ru.wikipedia.org/wiki/%D0%92%D0%B5%D1%82%D0%B5%D1%80%D0%B8%D0%BD%D0%B0%D1%80%D0%B8%D1%8F,70,"Ветерина́рия, также ветерина́рная медици́на — область научных знаний, предметом изучения которой является лечение и предупреждение болезней животных, а также различные медицинские вопросы взаимоотношения человека и животных, такие как защита людей от болезней, общих для человека и животных, и производство безопасных для человека сельскохозяйственных продуктов. Этими же терминами обозначается соответствующая область практической деятельности. Ранее ветеринария рассматривалась как отрасль медицины",,
ru,B08,B08_S04,Венчурный фонд,https://ru.wikipedia.org/wiki/%D0%92%D0%B5%D0%BD%D1%87%D1%83%D1%80%D0%BD%D1%8B%D0%B9_%D1%84%D0%BE%D0%BD%D0%B4,162,"Венчурный фонд (англ. venture — рискованное предприятие) — рискованный инвестиционный фонд, ориентированный на работу с инновационными предприятиями и проектами (стартапами). Венчурные фонды осуществляют инвестиции в ценные бумаги или доли предприятий с высокой или относительно высокой степенью риска в ожидании чрезвычайно высокой прибыли. Как правило, 70-80 % проектов не приносят отдачи, но прибыль от оставшихся 20—30 % окупает все убытки. Особенностью данного вида фондов является законодательн",,
tg,B01,B01_S01,Ганҷ,https://tg.wikipedia.org/wiki/%D0%93%D0%B0%D0%BD%D2%B7,254,"Ганҷина, ганҷ — дар ҳуқуқ, пул ё ашёи гаронбаҳое, ки дар замин гӯр ё ба таври дигар пинҳон карда шудааст ва муайян намудани соҳибаш имконнопазир аст, ё қонунан ҳуқуқи соҳибиятро гум кардааст. Мувофиқи қонуни амалкунандаи Кодекси граждании Ҷумҳурии Тоҷикистон (моддаи 257) соҳибмулк (истифодабарандаи қитъаи замин, соҳиби иморат ва ғайра) ва ё ашхосе, ки ганҷинаро ёфтаанд, уҳдадоранд моликиятро ба давлат супоранд. Дар сурати ба давлат супоридани ганҷина соҳибмулк ва шахси дарёфткардаи моликият ба г",,
tg,B01,B01_S02,Баҳсҳои меҳнатӣ,https://tg.wikipedia.org/wiki/%D0%91%D0%B0%D2%B3%D1%81%D2%B3%D0%BE%D0%B8_%D0%BC%D0%B5%D2%B3%D0%BD%D0%B0%D1%82%D3%A3,132,"Баҳсҳои меҳнатӣ — зиддиятҳои танзимнашудаи байни субъектҳои ҳуқуқи меҳнатӣ дар масъалаи татбиқи қонунҳо ва дигар санади меъёрии ҶТ оид ба меҳнат, шартномаю созишномаҳои коллективӣ, муқаррар намудан ва тағйир додани шароити меҳнат дар ташкилотҳо, бастани шартномаву созишномаҳои коллективӣ ва иҷрои онҳо. Дар қонунгузории меҳнатӣ 2 навъи баҳс пешбинӣ шудаанд: Баҳсҳои кории фардӣ — зиддиятҳои танзимнашудаи байни корфармо ва корманд дар масъалаҳои татбиқи қонунҳо ва диг. санадҳои меъёрию ҳуқуқии ҶТ о",,
tg,B01,B01_S03,"Андозе, ки тибқи низоми содакардашуда пардохта мешавад","https://tg.wikipedia.org/wiki/%D0%90%D0%BD%D0%B4%D0%BE%D0%B7%D0%B5,_%D0%BA%D0%B8_%D1%82%D0%B8%D0%B1%D2%9B%D0%B8_%D0%BD%D0%B8%D0%B7%D0%BE%D0%BC%D0%B8_%D1%81%D0%BE%D0%B4%D0%B0%D0%BA%D0%B0%D1%80%D0%B4%D0%B0%D1%88%D1%83%D0%B4%D0%B0_%D0%BF%D0%B0%D1%80%D0%B4%D0%BE%D1%85%D1%82%D0%B0_%D0%BC%D0%B5%D1%88%D0%B0%D0%B2%D0%B0%D0%B4",102,"Андозе, ки тибқи низоми содакардашуда пардохта мешавад. Ин як намуди махсуси андозе ба буҷет мебошад. Супорандагони андози мазкур соҳибкорони инфиродӣ, корхонаҳо, филиал ва намояндагони шахсони ҳуқуқии хориҷӣ мебошанд. Даромади онҳо барои давраи на зиёда аз як соли тақвимӣ ба дарназардошти андозе аз фурӯши чакана аз ҳадди чоркаратаи муқаррарнамудаи Кодекси андози Ҷумҳурии Тоҷикистон барои мақсадҳои бақайдгирӣ ба сифати супорандаи андоз аз арзиши иловашуда зиёд намебошад. Объекти андозбандӣ даром",,
tg,B01,B01_S04,Идораи давлатӣ,https://tg.wikipedia.org/wiki/%D0%98%D0%B4%D0%BE%D1%80%D0%B0%D0%B8_%D0%B4%D0%B0%D0%B2%D0%BB%D0%B0%D1%82%D3%A3,122,"Идораи давлатӣ — шакли маъмурию ҳуқуқии ифодаи зоҳирии фаъолияти мақомоти ҳокимияти иҷроия, ки бо меъёрҳои ҳуқуқи маъмурӣ ба танзим дароварда мешавад. Ба маънии васеъ идораи давлатӣ чун фаъолияти ҳама рукнҳои ҳокимияти давлатӣ оид ба таъсиррасонии муташаккил ба муносибатҳои ҷомеа фаҳмида мешавад. Ба маънии маҳдуд, идораи давлатӣ чун фаъолияти марбут ба амалисозии роҳбарии бевосита дар соҳаҳои иқтисодӣ, иҷтимоӣ ва маъмурию сиёсӣ тавсиф меёбад. Тавассути идораи давлатӣ ҳокимияти иҷроия вазифаҳои и",,
tg,B01,B01_S05,Ҳуқуқ ба дахлнопазирии шахс,https://tg.wikipedia.org/wiki/%D2%B2%D1%83%D2%9B%D1%83%D2%9B_%D0%B1%D0%B0_%D0%B4%D0%B0%D1%85%D0%BB%D0%BD%D0%BE%D0%BF%D0%B0%D0%B7%D0%B8%D1%80%D0%B8%D0%B8_%D1%88%D0%B0%D1%85%D1%81,134,"Ҳуқуқ ба дахлнопазирии шахс - дахлнопазирии шахс аз тарафи давлат бо чораҳои махсуси ташкилию ҳуқуқӣ кафолат дода мешавад. Бе қарори суд ё иҷозати прокурор хеч касро ҳабс кардан мумкин нест. Мувофиқи қонун прокурор вазифадор аст, ки ҳар як шахсро, ки хилофи қонун аз озо дӣ маҳрум шудааст ё зиёда аз муҳлати бо қонун ё ҳукми суд пешбинишуда дар ҳабс нигоҳ дода ешавад, дарҳол озод намояд. Кофтукови шахс дар асоси меъёрҳои ҳуқуқи мурофиаи ҷиноятӣ ба амал бароварда мешавад. Бе қарори махсус ва иҷозат",,
tg,B02,B02_S01,Сиёсати дифоъ,https://tg.wikipedia.org/wiki/%D0%A1%D0%B8%D1%91%D1%81%D0%B0%D1%82%D0%B8_%D0%B4%D0%B8%D1%84%D0%BE%D1%8A,89,"Сиёсати низомӣ (инчунин сиёсати дифоъ номида мешавад) — сиёсати давлатӣ аст, ки ба амнияти бисёрмиллатӣ ва артиш дахл дорад. Он аз чораҳо ва ташаббусҳое иборат аст, ки ҳукуматҳо дар робита бо қабули қарорҳо ва ҳадафҳои стратегӣ, ба монанди кай ва чӣ гуна ҷалб кардани нерӯҳои мусаллаҳи миллӣ, анҷом медиҳанд ё намедиҳанд. Сиёсати низомӣ барои таъмини нигоҳ доштани истиқлолият дар рушди миллӣ ва рафъи мушкилоти аз ҷониби субъектҳои беруна душман ва хашмгин таҳмилшуда истифода мешавад. Вазорати дифо",,
tg,B02,B02_S02,Урду (шаҳр),https://tg.wikipedia.org/wiki/%D0%A3%D1%80%D0%B4%D1%83_(%D1%88%D0%B0%D2%B3%D1%80),73,"Урду́ (тур. Ordu) — шаҳри бандарӣ дар соҳили Баҳри Сиёҳ Туркия аст, ки таърихан низ чун Котйора (Cotyora ё Kotyora) маъруф аст.(юн. Κοτύωρα) ва пойтахти вилояти Орду бо аҳолии 213,582 дар маркази шаҳр. Ин шаҳр бузургтарин тавлидкунандаи меваи фундук дар ҷаҳон аст. Дар ҳоле, ки фундук барои иқтисодиёт муҳим аст, солҳои охир шаҳр саноати хурду калон ва як бахши босуръат рушдёфтаи сайёҳиро рушд дод, зеро Орду яке аз зеботарин шаҳрҳои Туркия дониста мешавад.",,
tg,B02,B02_S03,Гурӯҳи интихобкунандагон,https://tg.wikipedia.org/wiki/%D0%93%D1%83%D1%80%D3%AF%D2%B3%D0%B8_%D0%B8%D0%BD%D1%82%D0%B8%D1%85%D0%BE%D0%B1%D0%BA%D1%83%D0%BD%D0%B0%D0%BD%D0%B4%D0%B0%D0%B3%D0%BE%D0%BD,183,"Гурӯҳи интихобкунандагон — иттиҳодияи интихоботӣ, ташкилоти муваққатӣ ё доимие, ки мувофиқи қонуни интихобот ҳуқуқи пешбарии номзадҳо дар интихобот ё иштирок дар маъракаи интихоботро дорад. Масалан, мувофиқи моддаи 24 Қонуни конститутсионӣ «Дар бораи интихоботи Президенти Ҷумҳурии Тоҷикистон» (1994) номзадҳо ба мансаби Президенти Ҷумҳурии Тоҷикистон аз тарафи ҳизбҳои сиёсии ҷумҳурӣ, ки мувофиқи қонун ба қайди давлатӣ гирифта шудаанд, Федератсияи иттифоқҳои касабаи мустақили Тоҷикистон, Иттифоқи ",,
tg,B02,B02_S04,Молияи давлатӣ,https://tg.wikipedia.org/wiki/%D0%9C%D0%BE%D0%BB%D0%B8%D1%8F%D0%B8_%D0%B4%D0%B0%D0%B2%D0%BB%D0%B0%D1%82%D3%A3,60,"АпрМолияи давлатӣ - маҷмӯи муносибатҳои пулӣ вобаста ба ташаккул, тақсим ва истифодаи фондҳои ҷамъшудаи воситаҳои пулӣ ва дигар захираҳои молиявӣ тавассути буҷети ҷумҳуриявӣ (Буҷети давлатӣ), буҷетҳои маҳаллӣ ва фондҳои мақсадноки давлатӣ, ки аз ҷониби мақомоти ҳокимият ва идоракунии давлатӣ, мақомоти иҷроияи маҳаллии ҳокимияти давлатӣ ва мақомоти худидоракунии шаҳрак ва деҳот барои иҷрои вазифаҳои ба зиммаи онҳо вогузоргардида истифода бурда мешаванд.",,
tg,B03,B03_S01,Маҳмадалӣ Сафаров,https://tg.wikipedia.org/wiki/%D0%9C%D0%B0%D2%B3%D0%BC%D0%B0%D0%B4%D0%B0%D0%BB%D3%A3_%D0%A1%D0%B0%D1%84%D0%B0%D1%80%D0%BE%D0%B2,55,"Маҳмадалӣ Сафаров (Сафаров Маҳмадалӣ Маҳмадиевич; 5 майи 1952, деҳаи Найзирак, ноҳияи Орҷоникидзеобод) — физикдони тоҷик, номзади илмҳои техникӣ (1986), дотсент (1991), доктори илмҳои техникӣ (1994) аз рӯи ихтисоси теплофизика ва физикаи молекулавӣ, профессор (2007).Академики Академияи илмҳои Ню-Йорк (1996), академики Академияи муҳандисии Ҷумҳурии Тоҷикистон (2008), узви вобастаи Академияи байналмилалии муҳандисӣ (2011), академики Академияи байналмилалии хунук (2012).",,
tg,B03,B03_S02,Биофизика,https://tg.wikipedia.org/wiki/%D0%91%D0%B8%D0%BE%D1%84%D0%B8%D0%B7%D0%B8%D0%BA%D0%B0,266,"Биофизика (аз юн.-қад. βίος — зист, юн.-қад. φύσις — табиат), физикаи биологӣ — илмест, ки равандҳои физикавӣ ва физикавиву кимиёии организм, инчунин, ултрасохтори силсилаҳои биологиро дар ҳамаи давраҳои ташаккулашон меомӯзад. Инкишофи Биофизика ба ривоҷи физика, кимиё, математика, биология, кибернетика, биологияи молекулавӣ, биокимиё ва дигар илмҳо вобаста аст. Биофизика ба соҳаҳои зерин ҷудо мешавад: Биофизикаи молекулавӣ (хосияти физикавӣ ва физикавию кимиёии макромолекула ва маҷмаи молекулав",,
tg,B03,B03_S03,Абурайҳони Берунӣ,https://tg.wikipedia.org/wiki/%D0%90%D0%B1%D1%83%D1%80%D0%B0%D0%B9%D2%B3%D0%BE%D0%BD%D0%B8_%D0%91%D0%B5%D1%80%D1%83%D0%BD%D3%A3,43,"Абӯрайҳон Муҳаммад ибни Аҳмади Берунӣ (форсӣ: ابوریحان بیرونی‎, ар. أبو الريحان البيروني‎; 4 сентябри 973, Кос, Давлати Хоразмшоҳиён, Давлати Сомониён — 9 декабри 1048, Ғазнӣ, Давлати Ғазнавиён) — яке аз бузургтарин алломаҳои Машриқзамин, риёзидон, файласуф, табиатшинос, табиб, мунаҷҷим, муаррих ва ҷомеашиноси тоҷику форс.",,
tg,B03,B03_S04,Робот,https://tg.wikipedia.org/wiki/%D0%A0%D0%BE%D0%B1%D0%BE%D1%82,51,"Робот (чех. robot, аз robota — «меҳнати маҷбурӣ») — дастгоҳи худкорест, ки барои корҳои гуногуни механикӣ пешбинӣ шудааст. Робот аз рӯи барномае, ки дар он насб карда шудааст, амалеро иҷро менамояд. Дар муҳовараҳои тоҷикӣ оиди робот чунин оварда шудааст: Робот ин автоматест, ки амалиёти мураккаби ба ҳаракатҳои одам монандро иҷро мекунад.",,
tg,B03,B03_S05,Асари гулхонаӣ,https://tg.wikipedia.org/wiki/%D0%90%D1%81%D0%B0%D1%80%D0%B8_%D0%B3%D1%83%D0%BB%D1%85%D0%BE%D0%BD%D0%B0%D3%A3,50,"Асари гулхонаӣ (форсӣ: اثر گلخانه‌ای‎), эффекти гулхонаӣ — ба таъсири мустақими газҳои гулхонаӣ дар атмосфераи рӯйи сатҳи он гуфта мешавад. Дар ин фароянд партавҳои мавҷуд дар атмосфераи он сайёра сатҳи онро ба андозае гарм мекунад, ки гӯё атмосфера дар он мавҷуд набошад ва аз ин рӯ муҷиби дигаргунии обуҳаво мешавад.",,
tg,B04,B04_S01,Акарология,https://tg.wikipedia.org/wiki/%D0%90%D0%BA%D0%B0%D1%80%D0%BE%D0%BB%D0%BE%D0%B3%D0%B8%D1%8F,80,"Акарология (аз юн.-қад. ἄκαρι (akari) «кана» ва λόγος «илм»)) — як фасли зоология, ки канаҳоро меомӯзад. Акарология бахше аз арахнология (илм дар бораи тортанақшаклон) аст. Акарология доир ба анатомияи муқоисавӣ, эмбриология, физиология, экология, зоогеография, филогения ва таснифи канаҳо, ҳамчунин масъалаҳои марбут ба тиб, ветеринария ва кишоварзии онҳо баҳс мекунад. Дар Тоҷикистон масъалаҳои ба акарология вобастаро Институти зоология ва паразитологияи ба номи Е. Н. Павловский, институтҳои тадқ",,
tg,B04,B04_S02,Аҳвалӣ,https://tg.wikipedia.org/wiki/%D0%90%D2%B3%D0%B2%D0%B0%D0%BB%D3%A3,261,"Аҳвалӣ, олусӣ, каҷчашмӣ (страби́зм, аз юн.-қад. στρᾰβής — каҷ, ё ҳетеротропи́я, аз юн.-қад. ἕτερος — дигар + юн.-қад. τροπή, τροπά — гардиш) — ҳолати чашм, ки дар натиҷаи он хатти биниши як чашм ба ашёи дидашаванда равон шуда, чашми дигар ба тарафи бинӣ (Аҳвалиӣ наздикшаванда) ё пешонӣ (Аҳвалиӣ дуршаванда) мегардад. Аҳвалӣ дар натиҷаи ихтилоли кори мушакҳои чашм пайдо мешавад. Дар синни 2–3-солагӣ фаъолияти якҷои ҳар ду чашм босуръат ташаккул меёбад. Аҳвалӣ низ маҳз дар ин давра ба амал меояд. Н",,
tg,B04,B04_S03,Донишнома,https://tg.wikipedia.org/wiki/%D0%94%D0%BE%D0%BD%D0%B8%D1%88%D0%BD%D0%BE%D0%BC%D0%B0,40,"Донишнома (форсӣ: دانشنامه‎), энсиклопе́дия (аз юн.-қад. ἐγκύκλιος παιδεία — «омӯзиши фарогир» аз κύκλος — доира + παιδεία — омӯзиш) — нашрияи илмӣ ё илмию оммавӣ, ки аз тамоми соҳаҳои илм (донишномаи умумӣ) ё соҳаи ҷудогонаи он (донишномаи соҳавӣ) дониш медиҳад.",,
tg,B04,B04_S04,Ҳуқуқи ҳифзи саломатӣ ва ёрии тиббӣ,https://tg.wikipedia.org/wiki/%D2%B2%D1%83%D2%9B%D1%83%D2%9B%D0%B8_%D2%B3%D0%B8%D1%84%D0%B7%D0%B8_%D1%81%D0%B0%D0%BB%D0%BE%D0%BC%D0%B0%D1%82%D3%A3_%D0%B2%D0%B0_%D1%91%D1%80%D0%B8%D0%B8_%D1%82%D0%B8%D0%B1%D0%B1%D3%A3,127,"Ҳуқуқи ҳифзи саломатӣ ва ёрии тиббӣ — ба ҳар як шахс ҳуқуқи ҳифзи саломатӣ кафолат дода шудааст. Ин ҳуқуқ бо роҳи ёрии тиббии ройгон дар муассисаҳои нигаҳдории тандурустии давлатӣ, тадбирҳои солимгардонии муҳити зист, инкишофи оммавии варзиш, тарбияи ҷисмонӣ ва ҷаҳонгардӣ таъмин карда мешавад. Конститусияи Ҷумҳурии Тоҷикистон ёрии тиббии пулакиро пешбинӣ мекунад ва аз ин рӯ, ривоҷи муассисаҳои тандурустии хусусӣ бояд ҳамаҷониба дастгирӣ карда шавад. Ҳоло ҳифзи саломатии шахс бо чораҳои гуногуни ",,
tg,B05,B05_S01,Бароти Абдураҳмон,https://tg.wikipedia.org/wiki/%D0%91%D0%B0%D1%80%D0%BE%D1%82%D0%B8_%D0%90%D0%B1%D0%B4%D1%83%D1%80%D0%B0%D2%B3%D0%BC%D0%BE%D0%BD,45,"Бароти Абдураҳмон (Абдураҳмонов Бароталӣ; 15 сентябри 1947, деҳаи Чашмаи Ҷӯшони ноҳияи Муъминобод, вилояти Кӯлоб, ҶШС Тоҷикистон) — нависанда, драматург ва сенариянависи тоҷик, барандаи Ҷоизаи давлатии Тоҷикистон ба номи Абӯабдуллоҳи Рӯдакӣ (2008), Корманди шоистаи Тоҷикистон (2010), Аълочии фарҳанги Ҷумҳурии Тоҷикистон (2013), узви Иттифоқи нависандагони Тоҷикистон (1989).",,
tg,B05,B05_S02,Адабиётшиносии тоҷику форсии асри 15,https://tg.wikipedia.org/wiki/%D0%90%D0%B4%D0%B0%D0%B1%D0%B8%D1%91%D1%82%D1%88%D0%B8%D0%BD%D0%BE%D1%81%D0%B8%D0%B8_%D1%82%D0%BE%D2%B7%D0%B8%D0%BA%D1%83_%D1%84%D0%BE%D1%80%D1%81%D0%B8%D0%B8_%D0%B0%D1%81%D1%80%D0%B8_15,276,"Нақди адабӣ, хусусан нақди шеър дар садаи XV бисёр ривоҷ ёфта буд. Дар маҷлисҳоишоҳона,ҷамъомадҳоиаҳли шаҳр, маҳфилҳои адибон ва маҳфилҳои арбоби сулуку ирфон базмҳои адабӣ ва мубоҳисаҳои шеършиносӣ барпо мегардиданд. Шоирон дар чунин анҷуманҳо шеър мехонданд, аҳли суҳбат мувофиқи завқу салиқаи худ ва меъёрҳои маъмул ҳусну қубҳи ашъорро доварӣ мекарданд ва сухани охиринро шеършиноси маъруф мегуфт. Дар «Хамсат-ул-мутаҳайирин»-и Навоӣ, «Мақомоти МавлавӣҶомӣ»-и Абдулвосеи Низомӣ, «Макорим-ул-ахлоқ»",,
tg,B05,B05_S03,1 сентябр,https://tg.wikipedia.org/wiki/1_%D1%81%D0%B5%D0%BD%D1%82%D1%8F%D0%B1%D1%80,60,"1 сентябр — 244-умин рӯзи сол (245-умин рӯз дар солҳои кабиса) тибқи тақвими григорӣ аст. 121 рӯз аз сол боқӣ мондааст. То 15 октябри соли 1582, тибқи тақвими юлианӣ — 1 сентябр буд; аз 15 октябри соли 1582, тибқи тақвими григорӣ — 1 сентябр аст. Дар асрҳои XX ва XXI, тибқи тақвими юлианӣ ин рӯз ба 19 август рост меояд.",,
tg,B05,B05_S04,Габриэл Гарсиа Маркес,https://tg.wikipedia.org/wiki/%D0%93%D0%B0%D0%B1%D1%80%D0%B8%D1%8D%D0%BB_%D0%93%D0%B0%D1%80%D1%81%D0%B8%D0%B0_%D0%9C%D0%B0%D1%80%D0%BA%D0%B5%D1%81,51,"Габриэ́л Хосе́ де ла Конко́рдиа «Гáбо» Гарси́а Ма́ркес (исп. Gabriel José de la Concordia «Gabo» García Márquez [ɡaˈβɾjel ɡarˈsia ˈmarkes]; 6 марти 1927, Аракатака — 17 апрели 2014, Мехико) — нависандаи колумбиягӣ, яке аз поягузорони романи ҷадид дар Амрикои Лотинӣ, устоди «реализми ҷодуӣ» (Magic Realism), филмноманавис, ношир, рӯзноманигор ва арбоби сиёсӣ.",,
tg,B06,B06_S01,Зевс,https://tg.wikipedia.org/wiki/%D0%97%D0%B5%D0%B2%D1%81,55,"Зевс (юн. Ζεύς) — дар асотири Юнони Қадим худои осмон ва раъду барқ. Зевс сарвари худоёни олимпӣ ва фарзанди сеюми Кроносу Рея мебошад. Зевс бародари Аид, Гестия, Деметра ва Посейдон мебошад. Зани Зевса — олиҳа Гера (хоҳари худаш) мебошад, вале бисёр ба Зевс хиёнат мекунад. Мувофиқи асотир Зевс бадиву некиро дар рӯи Замин тақсим мекунад.",,
tg,B06,B06_S02,Париж,https://tg.wikipedia.org/wiki/%D0%9F%D0%B0%D1%80%D0%B8%D0%B6,183,"Париж (фр. Paris) — шаҳр ва пойтахти Фаронса. Маркази маъмурии ноҳияи Ил-де-Франс аст. Коммуна ва департаментро ташкил мекунад, ки аз 20 ҳавза иборат аст. Аҳолӣ — 2,274 млн одам (2014 год), панҷум шаҳри Иттиҳоди Аврупо аз ҷиҳати ҳаҷм. Ба ҳисоби умумии аҳолии дохили Порис ва маҳаллаҳои атрофи он («Пориси Калон») 10,6 млн нафар одам сукунат мекунад (2011). Дар қисми шимолии Фаронса, ва ҳамвории ҳавзаи Порис дар соҳили дарёи Сена чой гирифтааст. Маркази муҳимтарини сиёсӣ, иқтисодӣ ва фарҳангии Фаро",,
tg,B06,B06_S03,Манга,https://tg.wikipedia.org/wiki/%D0%9C%D0%B0%D0%BD%D0%B3%D0%B0,270,"Ма́нга (ҷопонӣ: 漫画, マンガ, [mã̠ŋɡa̠] ) — комиксҳои ҷопонӣ, баъзан вақт комикку (コミック) гуфта мешавад. Мангаи ҳозира, баъди интиҳои Ҷанги дуюми ҷаҳон бо таъсири зиёди урфу одатҳои ғарбӣ (амрикоӣ) рушдро оғоз кард. Аммо манга таърихи куҳан дар санъати ҷопонӣ дорад. Дар Ҷопон одамони тамоми синну солҳо манга мехонанд. Манга ҳамчун як шакли санъати тасвирӣ ва ҳамчун падидаи адабӣ эҳтиром карда мешавад. Аз ин рӯ, асарҳои зиёди жанрҳои гуногун ва дар мавзӯҳои гуногун мавҷуданд: моҷароҷӯӣ, ишқӣ, варзишӣ, ",,
tg,B06,B06_S04,Донишгоҳи Афина,https://tg.wikipedia.org/wiki/%D0%94%D0%BE%D0%BD%D0%B8%D1%88%D0%B3%D0%BE%D2%B3%D0%B8_%D0%90%D1%84%D0%B8%D0%BD%D0%B0,43,"Донишгоҳи миллии Афина ба номи Каподистриас (юн. Εθνικό και Καποδιστριακό Πανεπιστήμιο Αθηνών), ки одатан онро Донишгоҳи Афина меноманд, — қадимтарин донишгоҳи Юнон аст, ки соли 1837 таъсис ёфтааст. Ҳоло он пас аз Донишгоҳи Арасту дар Салоники дуввумин муассисаи олии таҳсилоти олии кишвар аст.",,
tg,B07,B07_S01,Викикитоб,https://tg.wikipedia.org/wiki/%D0%92%D0%B8%D0%BA%D0%B8%D0%BA%D0%B8%D1%82%D0%BE%D0%B1,74,"Викикитоб (англ. Wikibooks) — вебгоҳ барои навиштани китобҳои дарсии дастаҷамъӣ, ки мувофиқи технологияи «вики» аз рӯи принсипҳои иттилооти озод кор мекунад: ҳар фард имкон дорад, ки китоби дарсӣ ва саҳифаҳои дилхоҳашро тағйир диҳад, ва ройгон онро мутолиа, нусхабардорӣ, интишор ва мундариҷаашро тағйир диҳад. «Викикитоб», бо ҳарфи сатрӣ, ҳамчунин маҷмӯи саҳифаҳоро дар ин вебгоҳ дар назар дорад, ки ба як фан бахшида шудааст (масалан, Викикитоб — китоби дарсӣ, ки дар асоси технологияи вики навишта",,
tg,B07,B07_S02,Донишгоҳи Торонто,https://tg.wikipedia.org/wiki/%D0%94%D0%BE%D0%BD%D0%B8%D1%88%D0%B3%D0%BE%D2%B3%D0%B8_%D0%A2%D0%BE%D1%80%D0%BE%D0%BD%D1%82%D0%BE,163,"Донишгоҳи Торонто (англ. University of Toronto, ихтисор U. of T.) — донишгоҳи давлатии тадқиқотӣ дар Торонто, Онтарио, Канада. Аксари ҷойҳо ва иншооти асосии донишгоҳ дар шимоли ноҳияи молиявӣ дар Боғи Малика ҷойгиранд. Он соли 1827 ҳамчун Коллеҷи шоҳона дар назди калисои Англия таъсис ёфта, аввалин муассисаи таҳсилоти олӣ дар Канадаи Боло буд. Дар соли 1850 Донишгоҳи Торонто номида шуд, зеро он як муассисаи таълимии дунявӣ гардид. Аз он вақт то ба имрӯз, Донишгоҳи Торонто як донишгоҳи коллеҷӣ а",,
tg,B07,B07_S03,22 январ,https://tg.wikipedia.org/wiki/22_%D1%8F%D0%BD%D0%B2%D0%B0%D1%80,60,"22 январ — 22-юмин рӯзи сол тибқи тақвими григорӣ аст. 343 рӯз (344 рӯз дар солҳои кабиса) аз сол боқӣ мондааст. То 15 октябри соли 1582, тибқи тақвими юлианӣ — 22 январ буд; аз 15 октябри соли 1582, тибқи тақвими григорӣ — 22 январ аст. Дар асрҳои XX ва XXI, тибқи тақвими юлианӣ ин рӯз ба 9 январ рост меояд.",,
tg,B07,B07_S04,Маркази миллии тестии назди Президенти Ҷумҳурии Тоҷикистон,https://tg.wikipedia.org/wiki/%D0%9C%D0%B0%D1%80%D0%BA%D0%B0%D0%B7%D0%B8_%D0%BC%D0%B8%D0%BB%D0%BB%D0%B8%D0%B8_%D1%82%D0%B5%D1%81%D1%82%D0%B8%D0%B8_%D0%BD%D0%B0%D0%B7%D0%B4%D0%B8_%D0%9F%D1%80%D0%B5%D0%B7%D0%B8%D0%B4%D0%B5%D0%BD%D1%82%D0%B8_%D2%B6%D1%83%D0%BC%D2%B3%D1%83%D1%80%D0%B8%D0%B8_%D0%A2%D0%BE%D2%B7%D0%B8%D0%BA%D0%B8%D1%81%D1%82%D0%BE%D0%BD,268,"Маркази миллии тестии назди Президенти Ҷумҳурии Тоҷикистон бо мақсади таҷдиди низоми имтиҳонҳои марказонидаи дохилшавӣ (ИМД) ба муассисаҳои таълимии таҳсилоти олии касбӣ (МТТОК)-и Ҷумҳурии Тоҷикистон бо қарори Ҳукумати Ҷумҳурии Тоҷикистон аз 5 марти соли 2008 Муассисаи давлатии “Маркази миллии тестӣ” таъсис дода шуд, ки тибқи оиннома фаъолияти он ба ташкилу баргузории имтиҳонҳои марказонидаи дохилшавӣ (ИМД) ба МТТОК равона гардидааст. Дар робита бо масъалаи ҷорӣ намудани ИМД ба МТТОК 28 июли сол",,
tg,B08,B08_S01,Муҳосибот,https://tg.wikipedia.org/wiki/%D0%9C%D1%83%D2%B3%D0%BE%D1%81%D0%B8%D0%B1%D0%BE%D1%82,292,"Муҳосибот — бахши штатии сохтории субъекти хоҷагидорӣ, барои ҷамъ овардани маълумот дар бораи амвол ва ӯҳдадориҳои ӯ пешбини шудааст. Баҳисобгирии муҳосибӣ манбаи иттилооти ҳуҷҷатӣ ва сохтории иқтисодӣ мебошад, ки барои қабули қарорҳои идоракунӣ бо мақсади таъмини самаранокии идоракунӣ заруранд Вазифаҳои ҳисобдорӣ Вазифаи аввалиндараҷаи идоракунии баҳисобгирии муҳосибӣ (ё ба ибораи дигар, вазифаи ба зиммаи шуъбаи ҳисобдорӣ гузошташуда) ҷамъоварӣ ва коркарди маълумоти пурра ва боэътимод дар бораи",,
tg,B08,B08_S02,Бесса,https://tg.wikipedia.org/wiki/%D0%91%D0%B5%D1%81%D1%81%D0%B0,130,"Бесса (фр. baisse) — паст фуровардани қурби коғазҳои қиматнок: паст шудани қурби коғазҳои қиматноки биржавӣ; ҳаннотии биржавӣ, ки мақсадаш паст фуровардани қурби коғазҳои қиматнок ё нархи мол мебошад. Ҳанноти коғазҳои қиматнок кӯшиш мекунад, ки лаҳзаи байни бастани шартнома ва иҷро гардидани додугирифти дар он зикршударо ба фоидаи худ истифода барад, яъне ҳанноти фурӯшгар коғазҳои қиматнок ё молро бо нархи арзонтар харида ба контрагенти (гумоштаи) худ бо нархи гаронтари пешакӣ мувофиқашуда мефур",,
tg,B08,B08_S03,Вазорати энергетика ва захираҳои оби Ҷумҳурии Тоҷикистон,https://tg.wikipedia.org/wiki/%D0%92%D0%B0%D0%B7%D0%BE%D1%80%D0%B0%D1%82%D0%B8_%D1%8D%D0%BD%D0%B5%D1%80%D0%B3%D0%B5%D1%82%D0%B8%D0%BA%D0%B0_%D0%B2%D0%B0_%D0%B7%D0%B0%D1%85%D0%B8%D1%80%D0%B0%D2%B3%D0%BE%D0%B8_%D0%BE%D0%B1%D0%B8_%D2%B6%D1%83%D0%BC%D2%B3%D1%83%D1%80%D0%B8%D0%B8_%D0%A2%D0%BE%D2%B7%D0%B8%D0%BA%D0%B8%D1%81%D1%82%D0%BE%D0%BD,88,"Вазорáти энергети́ка ва захираҳóи оби Ҷумҳури́и Тоҷикистóн — мақоми марказии ҳокимияти иҷроия, ки барои таҳия ва татбиқи сиёсати ягонаи давлатӣ ва батанзимдарории меъёрии ҳуқуқӣ дар соҳаҳои комплекси сӯзишворию энергетикӣ ва захираҳои об дар Ҷумҳурии Тоҷикистон фаъолияташро анҷом медиҳад. Вазорат дар асоси Сарконуни Конститутсияи Ҷумҳурии Тоҷикистон, қонунҳои конститутсионии Ҷумҳурии Тоҷикистон, қонунҳои Ҷумҳурии Тоҷикистон, санадҳои меъёрии ҳуқуқии байналмилалии эътирофнамудаи Ҷумҳурии Тоҷикист",,
tg,B08,B08_S04,Fox Entertainment Group,https://tg.wikipedia.org/wiki/Fox_Entertainment_Group,127,"Fox Entertainment Group як ширкати фароғатии амрикоӣ буд, ки ба фароғати наворбардорӣ тахассус ёфтааст, ки ба 21st Century Fox таалуқ дорад. Пас аз ба даст овардани 21st Century Fox аз ҷониби Дисней, дороиҳои гурӯҳ ба воҳидҳои гуногуни Дисней ҷамъ карда шуданд. Студияҳои филмҳои 20th Century Fox, Fox Searchlight Pictures ва Blue Sky Studios ба Уолт Дисней интиқол дода шуданд, дар ҳоле ки Studios Fox Star ба Уолт Дисней Direct-to-Consumer &amp; International интиқол дода шуданд . Соҳиби пешини он",,
